1|Burke|1-300-746-8446|ullamcorper.velit.in@ametnullaDonec.co.uk
2|Kamal|1-668-571-5046|pede.Suspendisse@interdumenim.edu
3|Olga|1-956-311-1686|Aenean.eget.metus@dictumcursusNunc.edu
4|Belle|1-246-894-6340|vitae.aliquet.nec@neque.co.uk
5|Trevor|1-300-527-4967|dapibus.id@acturpisegestas.net
6|Laurel|1-691-379-9921|adipiscing@consectetueripsum.edu
7|Sara|1-608-140-1995|Donec.nibh@enimEtiamimperdiet.edu
8|Kaseem|1-881-586-2689|cursus.et.magna@euismod.org
9|Lev|1-916-367-5608|Vivamus.nisi@ipsumdolor.com
10|Maya|1-271-683-2698|accumsan.convallis@ornarelectusjusto.edu
11|Emi|1-467-270-1337|est@nunc.com
12|Caleb|1-683-212-0896|Suspendisse@Quisque.edu
13|Florence|1-603-575-2444|sit.amet.dapibus@lacusAliquamrutrum.ca
14|Anika|1-856-828-7883|euismod@ligulaelit.co.uk
15|Tarik|1-398-171-2268|turpis@felisorci.com
16|Amena|1-878-250-3129|lorem.luctus.ut@scelerisque.com
17|Blossom|1-154-406-9596|Nunc.commodo.auctor@eratSed.co.uk
18|Guy|1-869-521-3230|senectus.et.netus@lectusrutrum.com
19|Malachi|1-608-637-2772|Proin.mi.Aliquam@estarcu.net
20|Edward|1-711-710-6552|lectus@aliquetlibero.co.uk
21||1-598-439-7549|consectetuer.adipiscing@sapien.com
22|Talon|1-880-986-1269|nec.malesuada.ut@ac.ca
23|Julie|1-430-807-5430|turpis.Nulla.aliquet@nibh.com
24|Marsden|1-477-629-7528|Donec.dignissim.magna@vehiculaet.co.uk
25|Igor|1-903-815-5364|conubia@tellus.co.uk
26|Amela|1-526-909-2605|in@vitaesodales.edu
27|Bianca|1-842-558-2906|posuere.cubilia@sitametluctus.org
28|Hayfa|1-328-329-4260|augue.malesuada@egetvolutpatornare.org
29|Lunea|1-391-391-8752|nascetur.ridiculus.mus@semmagna.ca
30|Deacon|1-703-743-0143|lacinia.mattis@risus.com
31|Wallace|1-144-220-8159|lorem.lorem@non.net
32||1-184-895-9602|accumsan.laoreet@sedpede.net
33|NULL|1-105-503-0141|Donec@Inmipede.co.uk
34|Kirk|1-787-324-3978|lorem.Donec.elementum@felis.com
35|Cadman|1-443-642-5919|ut.lacus@adipiscing.ca
36|Price|1-438-361-7852|purus.accumsan@luctus.co.uk
37|Maggy|1-910-887-6777|facilisi.Sed.neque@sit.edu
38|Samson|1-495-767-7381|dictum.mi@ullamcorperDuis.co.uk
39|Quincy|1-862-470-7500|turpis.nec.mauris@fringillacursus.net
40|Piper|1-767-425-8093|at.augue@arcuVestibulumante.co.uk
41|Tyrone|1-907-383-5293|non.bibendum.sed@malesuadaut.com
42|Brenda|1-609-591-8782|Morbi.vehicula@risus.net
43|Wynter|1-440-544-1851|amet.risus.Donec@elit.ca
44|Daria|1-285-175-2741|at@semeget.org
45||1-245-752-0481|Suspendisse.eleifend.Cras@arcuvel.co.uk
46|Kibo|1-316-481-1040|fermentum.arcu.Vestibulum@CuraePhasellusornare.ca
47|Alma|1-747-382-6775|nec.enim@non.org
48|Laith|1-359-535-4832|nisi.a.odio@Aliquameratvolutpat.ca
49|Darius|1-767-268-9952|risus.a@natoque.com
50|Yasir|1-282-511-4445|eget.odio.Aliquam@facilisis.com
51|Baker|1-754-775-9024|enim@atortorNunc.co.uk
52|Xena|1-527-990-8606|in.faucibus.orci@atvelit.org
53|Kasper|1-155-575-9346|velit.eget@pedeCum.ca
54|Hannah|1-712-794-8145|Phasellus.libero.mauris@Sedmalesuada.co.uk
55|Reese|1-106-653-2899|aliquet.magna.a@ligulaNullam.ca
56|Buckminster|1-352-299-2056|cursus.Nunc.mauris@parturientmontesnascetur.co.uk
57|Richard|1-461-925-7084|fringilla.cursus@mauris.com
58|Shafira|1-786-210-7819|a@magnamalesuada.ca
59|Frances|1-312-680-5112|enim.consequat.purus@nulla.ca
60|Ava|1-816-439-4739|ipsum.Phasellus.vitae@Curabiturutodio.com
61|Maxine|1-422-863-3041|aliquet.molestie.tellus@ante.ca
62|Kirk|1-782-749-4287|fringilla@luctusvulputatenisi.ca
63|Dylan|1-417-943-8961|vehicula.aliquet@pharetrafeliseget.com
64|Francesca|1-425-876-2200|nec.euismod.in@consectetueradipiscingelit.co.uk
65|Tiger|1-316-930-7880|nec@mollisnoncursus.net
66|Vance|1-268-680-0857|pellentesque@netusetmalesuada.edu
67|Hermione|1-673-268-1156|eu.dolor@aauctornon.co.uk
68|Candice|1-701-263-8889|sit.amet.ornare@aliquam.net
69|Aiko|1-682-230-7013|turpis.vitae.purus@nislNulla.com
70|Quemby|1-380-414-6915|interdum.ligula@erat.co.uk
71|Autumn|1-650-793-4770|nec@lectusconvallisest.com
72|Bradley|1-146-896-0277|sem@nisl.ca
73|Carl|1-894-772-4449|nonummy@acfeugiat.ca
74|Guinevere|1-882-829-8615|per.inceptos@convallisin.net
75|Juliet|1-674-195-0812|eros.non.enim@ametfaucibus.edu
76|Ralph|1-169-508-2429|Sed.congue.elit@iaculisnec.com
77|Maggy|1-613-147-4380|pellentesque@mi.net
78|Finn|1-213-781-6969|vestibulum.massa@Morbineque.edu
79|Anastasia|1-286-848-4527|tristique@morbi.com
80|Dean|1-130-576-0535|Nam.consequat@vehiculaetrutrum.ca
81|Keelie|1-703-612-6951|nunc@Nunc.org
82|Sonia|1-760-487-4141|faucibus.orci@nonmassa.ca
83||1-858-810-2204|sociis.natoque@eu.net
84|Prescott|1-831-509-9216|metus.sit@estvitae.org
85|Cain|1-659-102-1368|rhoncus.Nullam.velit@eleifendnunc.edu
86|Xandra|1-677-708-5691|libero@arcuVestibulumante.co.uk
87|Selma|1-601-330-4409|vulputate.velit@pellentesquetellus.org
88|Cameron|1-563-633-0684|nisl.Nulla@dictummagnaUt.net
89|Kerry|1-947-707-0572|molestie.tellus@tristique.org
90|Keefe|1-756-354-8902|natoque.penatibus.et@molestietortor.net
91|Abel|1-530-527-7467|urna@veliteu.edu
92|Graiden|1-543-711-9186|Integer.in.magna@lectusCum.com
93|Nora|1-264-630-1609|Donec.vitae@blandit.ca
94||1-443-410-7878|Praesent.eu.nulla@posuere.com
95|Hilda|1-655-737-6902|pellentesque.massa@Mauris.co.uk
96|Channing|1-984-118-7533|viverra.Donec.tempus@enimnislelementum.net
97|Maxwell|1-607-205-1273|metus.In@musAeneaneget.ca
98|Andrew|1-819-752-3868|non@Sedeu.ca
99|Lev|1-287-330-0342|euismod.urna@mifringillami.com
100|Mannix|1-804-635-5645|rutrum@per.org
